,,,,,,
,L set,,Number of known algs :,,0/72,
,,,,,,
,COLL set,Images,3x3 algorithm ,OH algorithm ,Progress,
,L1: 2GLL,,"[U'] R' U' R' F D' R U R' D R2 U' R' F' R
[U2] R U2 R' U2 R' U' R U R U' R' U2 R' U2 R
[U2] R U R' U' r' F R F' R' F R F' r U R'
[U'] R' U2 R U R U' R' U R' U R2 U' R' U' R U R'","[U2] R U2 R' U2 R' U' R U' R' U2 R U2 R U R'
[U] R' U2 R U2 R U R' U R U2 R' U2 R' U' R
Same as the 2nd one",FALSE,
,,,"[U2] R U R' U R U' R' U R U' R' U R U2 R'
[U2] R U2 R' U' R U R' U' R U R' U' R U' R'",Same as the 2nd one,FALSE,
,,,R U2 R' U' R U' R' U2 R U R' U R U2 R',Same,FALSE,"
"
,,,R U R' U R U2 R' U2 R U2 R' U' R U' R'  ,Same,FALSE,
,,,R U R' U R U2 R' U R' U' R U' R' U2 R,Same,FALSE,
,,,R2 U' R U R U' R' U' R U' R' U R' U R2,Same,FALSE,
,,,"[U'] R' U' R U' R' U2 R U' R U R' U R U2 R'
[U] L' U' L U' L' U2 L U' L U L' U L U2 L'",Same as the 1st one,FALSE,
,,,"[U'] R2 U R' U' R' U R U R' U R U' R U' R2
 [U] L2 U L' U' L' U L U L' U L U' L U' L2","[U] R' U2 R' U' R2 U' R U R' U' R U2 R U' R
Same as the 1st one",FALSE,
,,,R U2 R' U' R U' R' U R' U2 R U R' U R,Same,FALSE,
,,,[U2] R2 U R' U R' U' R U' R' U' R U R U' R2,Same,FALSE,
,,,"[U'] R' U2 R U R' U R U' R U2 R' U' R U' R'
[U] L' U2 L U L' U L U' L U2 L' U' L U' L'",Same as the 1st one,FALSE,
,,,"[U] R2 U' R U' R U R' U R U R' U' R' U R2
[U'] L2 U' L U' L U L' U L U L' U' L' U L2
[U] R U R' U R U' R' U R U2 R2 U' R U' R' U2 R",Same as the 1st one,FALSE,
,L2: Diag,,"F R U R2 F R F' R U' R' F'
[U'] F R U R' F R' F' R2 U' R' F'",[U'] F R U R' U' R U' R' U2 R U2 R' U' F',FALSE,
,,,"R' (U' D) R' U' R D' R2 U R' U' R2' U2 R
[U2] F R U' R' U' R U R D R' U' R D' R' U2 R' U' F'
[U] R U R' U F' R U2 R' U' R' U' R' F R U R ","R' (U' D) R' U' R D' R2 U R' U' R2 U2 R
[U'] R U2 R2 U' R' U R2 D' R U' R' (U' D) R'
Same as the last one",FALSE,
,,,"r U2 R2 F R F' R U2 r'
[U2] R' U' R U R' F' R U R' U' R' F R2",[U2] R' U' R U' F U' R' U' R U F',FALSE,
,,,"[U2] L' U2 R U' R' U2 L R U' R'
r' U2' R U R2 F R F' U r
[U'] r' U' F R' F' R2 U' R' U2 r
[U] R U R' L' U2 R U R' U2 L","Same as the 1st one
[U'] z U R U' R F' R U R U' R' F
[U'] R' U2 R L U' R' U L' U2 R",FALSE,
,,,"R' U R U' R' U' R U' R' U2 R' D' R U' R' D R2
R' U R U' R' U' R U' R' U R2 D R' U' R D' R'
[U'] R' U F' R U R' U' R' F R2 U' R' U' R U R' U' R
M' U R' F2 r F' r' F2 R2 U' r'","R U2 R' U' F' R U R' U R U2 R' F R U' R'
Same as the 3rd one",FALSE,
,,,"[U'] R U' R' U R U R' U R U' R2 D' R U R' D R
[U2] R' U' R U R' U' R' F R2 U' R' U' R U R' F' U R","R' D' R U' R' D R2 U R' U' R U' R' U' R U R'
Same as the last one",FALSE,
,,,"[U'] r U2 r2' R F R' F' r2 U2 r'
[U'] L F2' L2' R U R' U' L2 F2' L'
[U2] R' F2 R2 r' F' r U R2' F2 R","[U'] r U2 r' L' R U R' U' L r U2 r'
r' U2 r L R' U' R U L' r' U2 r
[U'] F U' R' U R U F' R' U2 R U R' U' R U' R' U2 R",FALSE,
,,,r U2 r2' F R F' R' r2 U2 r',"r U2 r' L' U R U' R' L r U2 r'
R' U2 R U R' U R U' R' U2 R F U' R' U' R U F'",FALSE,
,,,"[U'] r U R2' D' R U2 R' D R U r' F R F'
[U2] R' F' r U R' D R U R' D' R U' R U' r' F
F R U R' U' F' r U r' U R U' M' U' r'","R U R' U L' U R U' R' L U' R U R' U' R U' R'
[U'] R U2 R' U' R U' R' U' R' U2 R F U' R' U' R U F'",FALSE,
,,,"[U'] r U r' R U R' U' r U' r' F U R U' R' F'
[U] F' r U R' U R' D R U' R' D' R U' r' F R
[U2] F R' F' r U' R' D' R U2 R' D R2 U' r'","[U'] r U r' R U R' U' r U' r' U' R y U R U' R' F'
Same as the 1st one",FALSE,
,,,"R U' R' U R U' R' U' R U R' U2 R' D' R U R' D R
R D R' U R D' R' U2 R' U R U' R' U' R U R' U' R",[U'] R U2 R' U' L' U2 R U R' z U R U' R U,FALSE,
,,,[U'] R' D' R U' R' D R U2 R U' R' U R U R' U' R U R',"R' U2 R U L U2 R' U' R z U' R' U R' U'
[U2] R' U' R U' R' U' y' R U' R' U' B R U2 R'",FALSE,
,L3: Opposite/Same,,"F R' F' r U R U' r'
[U] R2 D R' U R D' R' U' R'
[U'] l U' R' D R U R' D'","[U] r U' r' y' r U R U' r'
[U'] x' R U' R' D R U R' u'
F R' F' r U R U' r'",FALSE,
,,,F R U R' U' R' F' R U2 R U2 R',"Same
[U'] R U' R' U2 R U' R' y' R' U R U2 R' U R ",FALSE,
,,,"[U'] R2 U R' U' R' U R' D U' R' U R D'
[U] R2 D r' U2 (r R') U' R D' R' U' R'
[U2] F R U' R' U' R U R D R' U R D' R2 U' F'","[U'] R U R' U R U' R' U' R U' R' L U' R U R' L' / r'
[U'] R2 F' U R' U' R F R2 U R' U' R' U R",FALSE,
,,,"R U' R' U R U' R' U' R U R2 D' R U' R' D R
R' D R2 U' R' U R U' R' U' R U R2' D' R","Same as the 1st one
[U'] S' R U R' F' U f U' R' U' R' U R
R' U' R U2 L' U R' U R U' R' U2 R L / r",FALSE,
,,,"[U2] R' F' R U R' U' R' F R U' R U R' U R
[U'] F' L' U L U L' U2 L U F","[U2] R' y R' U R U R' U2 R U B / y R
[U'] z F' U' R U R U' R2 U R F ",FALSE,
,,,"[U'] L R U' R' U L' R U R' U R U' R' 
[U'] R F U' R' U R U R' U R U' F' R'",[U'] L R U' R' U R L' U R' U R U' R' ,FALSE,
,,,"[U] R' U' R' F R F' U R2 U2 R' U2 R' F R F'
[U] S R' F U R2 U' F' U R2 U' R S'
[U'] R' U2 R F U' R' U2 R U F' U' R' U R",[U'] L U' R U R' L' U2 R U' R' U' R U' R',FALSE,
,,,"[U2] R' U2 R (U2 D') R U' R U R U' R2 D
[U] L U r' D' F r U r' F' D r U2 L'
[U] R U R2' U R' D U' R' U R D' R2 U2 R'","[U2] R' U2 R (U' D') U' R U' R U R U' R2 D
[U] z U R U' F' R U R U' R' F U R2 U' z'
R' U' R U z U' R2 U R U' R z' R' U R U' r / L",FALSE,
,,,"[U'] R' U2 R U R' U' F' R U R' U' R' F R2 U R' U R
[U'] R' F R U R' U' F' R' F R F' R' F R F' U R
[U'] R' U' R U' R' U R U' R' U R U' R2' D' R U2 R' D R2",[U] R' U' L U' R U L' U R' U' R U2 R' U2 R,FALSE,
,,,"[U'] R U R' U R U' R' U' r' F R F' M'
[U'] R U R' U R U2 M' U R' U' r' F R F'",[U'] R U R' U R U' R' U' L' U R U' R' L / r ,FALSE,
,,,"S U2 R' U2 R U2 F R f'
R U R D R' U2 R D' R' U' R' U R U R'","Same as the 1st one
[U'] M' U2 y R' U2 R U2 F R f'",FALSE,
,,,"[U'] R' U2 R2 U R' U' R' U2 F R U R U' R' F'
[U] M U' M' F R' F' R U R U' r' U M'
[U'] R' U' R' D' R U' R' U' D R' U' R2 U R U R2'",[U'] L U' R U L' U R U2 R U' R U R' U2 R2,FALSE,
,L4: Opposite/Adjacent,,"[U] F' r U R' U' r' F R
[U2] R2' D' R U' R' D R U R 
l' U R D' R' U' R D","[U'] x' U' R U L' U' R' U r
[U] F' r U R' U' z U' R D
x R' U R D' R' U' R D
[U2] x' D R U R' D' R U' R'
[U2] F U R' U' R F' R' U R",FALSE,
,,,"[U2] R2' D' r U2 (r' R) U R' D R U R
R2' U' R U R U' R (D' U) R U' R' D
[U] R U2 R' U2 R' U' F R f' R' U R S",R2 U' R U R U' R U D' R U' R' D,FALSE,
,,,"[U'] R' D R' U R D' R' U R2 U' R2' U' R2
[U'] R' U R U' R' U R U R' U' R2 D R' U R D' R'
[U'] R D' R2' U R U' R' U R U R' U' R2 D R'",[U'] R U R' U2 L U' R U' R' U R U2 R' L',FALSE,
,,,[U] F' R U2 R' U2 R' F R U R U' R',"R' U R U2 R' U R y R U' R' U2 R U' R'
Same",FALSE,
,,,[U2] F R U' R' U' R U2 R' U' F',"Same
[U2] R' U' R F U' R' U2 R U F'",FALSE,
,,,"[U2] R' F R U R U' R' F' U R U R' U R U' R'
r' R' F R F' M' U' R U' R' U R
[U2] r’ D’ F r U’ r’ F’ r U’ r’ F D r",L' R' U R U' R' L U' R U' R' U R,FALSE,
,,,"r' F R' F' r R U2 R' U R U R' U R
[U2] S R B' U' R2 U B U' R2 U R' S'
[U'] R' F' R U2 R U2 R' F R' U' R2 U' R2' U2 R","L' U R' U' R L U2 R' U R U R' U R
[U2] R' U R U2 R' z U' R D R U R U' R U",FALSE,
,,,R' U' R F U' R' U' R U F' R' U2 R,Same ,FALSE,
,,,"[U'] F R' F' R U R U' R' F U R U' R' U R U' R' F'
[U'] R' U' R U' R' U R U' R2 F' R U R U' R' F U2 R
R U R' U R U' R' U R U' R' U R2 D R' U2 R D' R2'","[U2] R U L' U R' U' L U' R U R' U2 R U2 R'
[U2] R' U' R U' R' U R F U' R' U' R U F' U R' U R",FALSE,
,,,"R' U' R U' R' U R F R' U R U' F'
R U R' U R' D' R U2 R' D R2 U' R' U R U' R'","[U] R' U' R U' R' U R U' R' U' L U' R U L' / r'
Same as the 1st one ",FALSE,
,,,[U'] R' U' R' D' R U2 R' D R U R U' R' U' R,"Same
[U2] M' U2 y R U2 R' y' U2 r' U' R ",FALSE,
,,,"[U] F' R U2 R' U2 R' F U2 R U R U' R2 U2 R
R' U R' U2 R U' R' U' R D' R U R' (U2 D) R ","L' U R' U' L U' R' U2 R' U R' U' R U2 R2
Same as the 2nd one",FALSE,
,L5: Same/Opposite,,[U'] R' U2 R' D' R U2 R' D R2,"Same
[U] z U' R2 U' L' U R2 U' L U2",FALSE,
,,,"[U'] R' U2 R' D' r U2 r' D R2
[U2] r U r' U' L U r U' r2' F r U2 L'","[U'] R U R' U2 L U' R U L' U R'
[U'] R U R' U2 L U' R U z U' R u' / D'
Same as the 1st one",FALSE,
,,,"[U2] R' U2 R U R2' D' R U R' D R2
R D r' U2 r D' R' U2 R' U' R","Same as the 2nd one
[U2] R' U2 R U R2 D' R U R' D R2",FALSE,
,,,R D R' U2 R D' R' U' R' U2 R U' R' U' R,"[U2] L U' R' U L' U' R2 U2 R' U' R U' R'
Same",FALSE,
,,,"[U'] R' D2 r U r' D2 R2 B R' U2 R B' R'
[U2] R' U' R U2 R' U' R2 D r' U2 r D' R2' U R
R U2 R U R U' R2' D R' U R D' R U R' ","R U2 F' R U R U' R' F R2 U R2 U R' 
R U2 R U R U' R2 D R' U R D' R U R'
L R U2 R' U R z U' R' U R' U' R z' R' U' R U2 R'
[U2] R U R' U R y R2 U R' U R U2 R' U R' U2 F'",FALSE,
,,,"[U'] R' U R U' R' U F' R U2 R' U2 R' F R2
[U'] R U R' U' R U' R' U r' F R F' r U' R'",[U'] R U R' U' R U' R' U L' U R U' L U' R',FALSE,
,,,"‌[U2] R' U' R U' R' U' R U2 R D r' U2 r D' R'
[U2] R U R' U' R' U' F U R U' R U' R' U R U R' F'
[U'] D' R U R' U2 R U R' (U D) R' U2 R U' R' U' R ",[U'] R U R' U2 R U R' U2 y' R' U2 R U' R' U' R,FALSE,
,,,"[U'] R' U2 R' D' R' F2 R2 U2 R2 F2 R D R2
[U2] R' U' R2 D r' U2 r D' R2 U R U R' U2 R
[U'] R' U2 R' D' R U2 R' (U' D) (F B') R2 (F' B) U' R2 ",[U'] R U' R D R' U' R U2 R' U' R (U' D') R' U R',FALSE,
,,,"[U'] R' U2 R U2 R' U' R2 D R' U2 R D' R2 U2 R
[U] F' r U R2 D R U R' D' R U2 r' F R","[U'] R U2 R' U' R L' U R' U' L U' R U R' U R U' R'
[U] R' U' R U' R U R2 U R U L U' R U L' U R'",FALSE,
,,,"[U2] F R U' R' U' R2 D R' U R D' R' U R' U' F'
[U'] F R' U' R2 U' R2' U2 R F R' F' R2 U' R' F'",[U] F U R' U' R F' R' U' R U R' U' R U R' U R,FALSE,
,,,"F' R U R' U' R' F R2 U' R' U' R U' R' U R U R'
[U2] R' U' R U' R' U2 R' D' R U2 R' D R U2 R ","R U2 R' U' R U' R' L U' R' U L' U' R
R U2 R' U' R U' R' U2 R U' z U' R z' R' U' r / L ",FALSE,
,,,"[U'] R' U R2 D R' U R D' R' U2 R' U R U R' U' R
[U'] R' U R U' R' U R U R' U' R U' R D R' U2 R D' R'","[U2] R' U2 R F U' R' U R U F' R' U' R U R' U R
[U'] L' U R' U' L U R U' R' U R U' R' U R U R' U' R
[U] f U' R2 U' R' F R' F' U' R U' R' U' f'",FALSE,
,L6: Same/Adjacent,,"R U2 R D R' U2 R D' R2
[U2] l U R' D R U2 R' D' R U R'",Same as the 1st one,FALSE,
,,,"[U'] R' F' R U R' U' R' F R2 U' R' U2 R
R U2 R D r' U2 r D' R2","R' U' R U2 L' U R' U' L U' R
[U] F U' R' U' R U F' U2 R' U2 R
Same as the last one ",FALSE,
,,,"[U] R U2 R' U' R2 D R' U' R D' R2'
[U] R U2 R2' D' R U' R' D R2 U' R'
[U] R U R' U' R U R2' D' R U R' D R2 U' R'","[U] R U2 R2 D' R U' R' D R2 U' R'
[U'] R' D' r U2 r' D R U2 R U R'
F R U R' U' R' F' R U R U R' U' R U' R'",FALSE,
,,,"[U'] R' D' R U2 R' D R U R U2 R' U R U R'
[U] r' F R F' r U R2 U2 R U R' U R
[U2] R U2 R' U' R' F R F' r U' r' U r U r'","R U R' U R U2 R' U R' U L U' R U L' / r'
R U R' U R U2 R' U' z U' R D R' U R u' / D'
[U] z U' R z' R U' L U R2 U2 R U R' U R",FALSE,
,,,"R D2 r' U' r D2 R2 F' R U2 R' F R
[U] R U R' U2 R U R2' D' r U2 r' D R2 U' R'","[U] F R U R' U' R' F' U' R U R U' R' U' R' U R
[U'] R' U2 R' U' R' U R2 D' R U' R' D R' U' R
[U] R U R' U2 R U R2 D' r U2 r' D R2 U' R'
L' R' U2 R U' R' z U R U' R U z' U' R U R' U2 R",FALSE,
,,,[U] R' F' R U2 R U2 R' F U' R U R' U' R U' R',R' U' R U R' U R U' L U' R' U z U' R D,FALSE,
,,,"[U] R U R' U R U R' U2 R' D' r U2 r' D R
[U] R U R' U R U' R2 D' R U' R' D R2 U' R' U R U' R'
R' U' R U2 R' U' R (U' D') R U2 R' U R U R' D",R' U' R U2 R' U' R U2 y R U2 R' U R U R',FALSE,
,,,"R' U R' D' R U R' U2 R U R' (U D) R U' R
[U'] F2 U' F R2 u R' U R U' R u' R2' F
[U] R U R2' D' r U2 r' D R2 U' R' U' R U2 R'","Same as the 1st one
R U R2 D' r U2 r' D R2 U' R' U' R U2 R'",FALSE,
,,,"R U2 R' U2 R U R2 D' R U2 R' D R2 U2 R'
F R' F' r U' R' D' R U' R' D R U' R U' r'","R' U2 R U R' L U' R U L' U R' U' R U' R' U R
[U2] R U R' U R' U' R2 U' R' U' L' U R' U' L U' R
R' U2 R F U R' U' R F' U2 R' U' R U' R' U R",FALSE,
,,,"[U2] R' F' R U R' U' R' F D' R U' R' D R2 U R' U R
[U2] F U' R U R' U R' U2 R U R' U R2 U' R' U F'","[U] R L' U R' U' L U R U R' U' R U R' U' R U' R'
[U2] R' U2 R U F R' U R U' F' R' U' R U' R' U2 R",FALSE,
,,,[U] R U R' U R U2 R D R' U2 R D' R' U2 R' ,"[U'] R' U2 R U R' U R U2 R' U L U' R U L' / r'
[U'] R' U2 R U R' U R z U' R D R' U R u' / D'",FALSE,
,,,R U' R2' D' R U' R' D R U2 R U' R' U' R U R',"R U' R2 D' R U' R' D R U2 R U' R' U' R U R'
L U' R U L' U' R' U R U' R' U R U' R' U' R U R'",FALSE,